Model,AUC,Precision,Recall
Logistic Regression,0.7693485619638173,0.6829511540952311,0.18410933197219032
Random Forest,0.8123635758939646,0.6383391987517244,0.2629422323419988
