Model,AUC,Precision,Recall
Logistic Regression,0.7620350465013291,0.25850468975468976,0.058209556670278176
Random Forest,0.7036909475062844,0.47359523809523807,0.05521025363600071
