Model,AUC,Precision,Recall
Logistic Regression,0.7497449034339796,0.706305410990775,0.17867692840906899
Random Forest,0.7923160085998506,0.6655348162162437,0.23355485211421312
