Model,AUC,Precision,Recall
Logistic Regression,0.7306084124704297,0.5739855080025645,0.10441017116191448
Random Forest,0.7937779830195217,0.5616020389440485,0.16724783895479323
