Model,AUC,Precision,Recall
Logistic Regression,0.7120696962595967,0.7883893998664623,0.9860746008356395
Random Forest,0.8065959829355691,0.8499734395382222,0.9742598934776293
