Model,AUC,Precision,Recall
Logistic Regression,0.7398487860583596,0.5623516018828706,0.07983639391922338
Random Forest,0.8241365438881484,0.7629591084676964,0.23955344975088352
